{
  "version-2.2.1/docs": [
    {
      "collapsed": true,
      "type": "category",
      "label": "It Starts Basic",
      "items": [
        {
          "type": "doc",
          "id": "version-2.2.1/getting_started"
        },
        {
          "type": "doc",
          "id": "version-2.2.1/overview"
        },
        {
          "type": "doc",
          "id": "version-2.2.1/customization"
        },
        {
          "type": "doc",
          "id": "version-2.2.1/web_usage"
        },
        {
          "type": "doc",
          "id": "version-2.2.1/troubleshooting"
        }
      ]
    },
    {
      "collapsed": true,
      "type": "category",
      "label": "Components",
      "items": [
        {
          "type": "doc",
          "id": "version-2.2.1/avatar"
        },
        {
          "type": "doc",
          "id": "version-2.2.1/badge"
        },
        {
          "type": "doc",
          "id": "version-2.2.1/bottomsheet"
        },
        {
          "type": "doc",
          "id": "version-2.2.1/button"
        },
        {
          "type": "doc",
          "id": "version-2.2.1/button_group"
        },
        {
          "type": "doc",
          "id": "version-2.2.1/card"
        },
        {
          "type": "doc",
          "id": "version-2.2.1/checkbox"
        },
        {
          "type": "doc",
          "id": "version-2.2.1/divider"
        },
        {
          "type": "doc",
          "id": "version-2.2.1/header"
        },
        {
          "type": "doc",
          "id": "version-2.2.1/icon"
        },
        {
          "type": "doc",
          "id": "version-2.2.1/image"
        },
        {
          "type": "doc",
          "id": "version-2.2.1/input"
        },
        {
          "type": "doc",
          "id": "version-2.2.1/listitem"
        },
        {
          "type": "doc",
          "id": "version-2.2.1/overlay"
        },
        {
          "type": "doc",
          "id": "version-2.2.1/pricing"
        },
        {
          "type": "doc",
          "id": "version-2.2.1/rating"
        },
        {
          "type": "doc",
          "id": "version-2.2.1/searchbar"
        },
        {
          "type": "doc",
          "id": "version-2.2.1/slider"
        },
        {
          "type": "doc",
          "id": "version-2.2.1/social_icon"
        },
        {
          "type": "doc",
          "id": "version-2.2.1/text"
        },
        {
          "type": "doc",
          "id": "version-2.2.1/tile"
        },
        {
          "type": "doc",
          "id": "version-2.2.1/tooltip"
        }
      ]
    },
    {
      "collapsed": true,
      "type": "category",
      "label": "Repo",
      "items": [
        {
          "type": "doc",
          "id": "version-2.2.1/contributing"
        },
        {
          "type": "doc",
          "id": "version-2.2.1/testing"
        },
        {
          "type": "doc",
          "id": "version-2.2.1/labels"
        }
      ]
    }
  ]
}
